Name,Latitude,Longitude,Location,Year,Career,Email,Facebook,Instagram
Sarah Mitchell,-26.6278,152.9599,“Nambour, Australia”,2015,Teacher,sarah.mitchell@example.com,sarahmitchell,sarah_mitchell
James Cooper,-33.8688,151.2093,“Sydney, Australia”,2013,Software Engineer,james.cooper@example.com,,jamescooper
Emma Wilson,-37.8136,144.9631,“Melbourne, Australia”,2016,Doctor,emma.wilson@example.com,emmawilson,
Daniel Brown,-27.4698,153.0251,“Brisbane, Australia”,2014,Architect,,danielbrown,dan_brown
Oliver Harris,51.5074,-0.1278,“London, UK”,2012,Financial Analyst,oliver.harris@example.com,,
Michael Zhang,-33.8700,151.2100,“Sydney, Australia”,2018,Data Scientist,m.zhang@example.com,michaelzhang,mike_zhang
Rachel Green,-33.8650,151.2050,“Sydney, Australia”,2019,Nurse,rachel.green@example.com,,rachelgreen
Joshua Kim,-27.4710,153.0260,“Brisbane, Australia”,2017,Civil Engineer,josh.kim@example.com,joshkim,joshua_kim
Sophie Taylor,-27.4680,153.0240,“Brisbane, Australia”,2020,Pharmacist,sophie.t@example.com,,sophie_taylor
Benjamin Scott,-37.8140,144.9640,“Melbourne, Australia”,2018,Accountant,,benscott,ben_scott
Olivia Martin,-37.8130,144.9620,“Melbourne, Australia”,2019,Lawyer,olivia.martin@example.com,oliviamartin,
David Johnson,40.7130,-74.0070,“New York, USA”,2016,Investment Banker,d.johnson@example.com,,david_j
Emily Brown,40.7120,-74.0050,“New York, USA”,2017,Fashion Designer,emily.brown@example.com,emilybrown,emily_designs
Thomas White,51.5080,-0.1280,“London, UK”,2018,Management Consultant,thomas.white@example.com,,tom_white
Jessica Davis,51.5070,-0.1270,“London, UK”,2019,Solicitor,j.davis@example.com,jessicadavis,jess_davis
Luke Patterson,-26.6280,152.9610,“Nambour, Australia”,2020,Electrician,luke.p@example.com,,luke_patterson
Chloe Anderson,-26.6270,152.9590,“Nambour, Australia”,2021,Veterinarian,chloe.anderson@example.com,chloeanderson,chloe_vet
Ryan Miller,34.0520,-118.2440,“Los Angeles, USA”,2019,Actor,,ryanmiller,ryan_miller_actor
Madison Wilson,34.0525,-118.2430,“Los Angeles, USA”,2020,Screenwriter,madison.w@example.com,,maddie_writes
Jack Robinson,-31.9505,115.8605,“Perth, Australia”,2017,Mining Engineer,jack.robinson@example.com,jackrobinson,
Amy Thompson,-34.9285,138.6007,“Adelaide, Australia”,2018,Psychologist,amy.thompson@example.com,,amy_psych
Connor Lewis,-42.8821,147.3272,“Hobart, Australia”,2016,Marine Biologist,connor.lewis@example.com,connorlewis,connor_marine
Zoe Harris,-12.4634,130.8456,“Darwin, Australia”,2019,Tour Guide,zoe.harris@example.com,,zoe_travels
Ethan Walker,37.7749,-122.4194,“San Francisco, USA”,2018,Software Engineer,ethan.walker@example.com,ethanwalker,ethan_codes
Abigail Hall,41.8781,-87.6298,“Chicago, USA”,2017,Architect,abigail.hall@example.com,,abby_designs
Nathan Young,29.7604,-95.3698,“Houston, USA”,2019,Petroleum Engineer,nathan.young@example.com,nathanyoung,
Hannah King,33.4484,-112.0740,“Phoenix, USA”,2020,Real Estate Agent,hannah.king@example.com,,hannah_homes
Matthew Wright,43.6532,-79.3832,“Toronto, Canada”,2018,Financial Planner,matthew.wright@example.com,matthewwright,matt_finance
Victoria Lopez,45.5017,-73.5673,“Montreal, Canada”,2019,Translator,v.lopez@example.com,,victoria_lang
Alexander Hill,51.0447,-114.0719,“Calgary, Canada”,2017,Geologist,alex.hill@example.com,alexhill,alex_rocks
Samantha Green,53.5461,-113.4938,“Edmonton, Canada”,2020,Teacher,samantha.green@example.com,,sam_teaches
Yuki Nakamura,35.6895,139.6917,“Tokyo, Japan”,2018,Engineer,yuki.n@example.com,yukinakamura,yuki_tech
Hana Suzuki,35.6800,139.6500,“Tokyo, Japan”,2019,Fashion Designer,hana.suzuki@example.com,,hana_fashion
Kevin Chan,22.3193,114.1694,“Hong Kong”,2017,Banker,kevin.chan@example.com,kevinchan,
Priya Sharma,1.3550,103.8200,“Singapore”,2018,Data Analyst,priya.sharma@example.com,,priya_data
Sophia Martinez,40.7128,-74.0060,“New York, USA”,2015,Marketing Director,sophia.m@example.com,sophiamartinez,sophia_marketing
Liam Anderson,34.0522,-118.2437,“Los Angeles, USA”,2011,Film Producer,liam.anderson@example.com,,liam_films
Ava Thompson,49.2827,-123.1207,“Vancouver, Canada”,2017,Environmental Scientist,ava.thompson@example.com,avathompson,ava_eco
Noah Lee,1.3521,103.8198,“Singapore”,2014,Business Consultant,noah.lee@example.com,,noah_consult
Mia Tanaka,35.6762,139.6503,“Tokyo, Japan”,2016,Graphic Designer,mia.tanaka@example.com,miatanaka,mia_designs
Isabella van der Berg,-33.9249,18.4241,“Cape Town, South Africa”,2013,Wildlife Conservationist,isabella.vdb@example.com,,bella_wildlife
Ethan Dubois,48.8566,2.3522,“Paris, France”,2015,Chef,ethan.dubois@example.com,ethandubois,chef_ethan
Charlotte Schmidt,52.5200,13.4050,“Berlin, Germany”,2012,Renewable Energy Engineer,charlotte.s@example.com,,charlotte_energy
Mason Ochieng,-1.2921,36.8219,“Nairobi, Kenya”,2014,NGO Director,mason.ochieng@example.com,masonochieng,
Amelia Rodriguez,19.4326,-99.1332,“Mexico City, Mexico”,2016,Journalist,amelia.rodriguez@example.com,,amelia_news
Lucas Silva,-12.0464,-77.0428,“Lima, Peru”,2015,Mining Engineer,lucas.silva@example.com,lucassilva,lucas_mining
Ella Ivanova,55.7558,37.6173,“Moscow, Russia”,2013,Translator,ella.ivanova@example.com,,ella_translate
Benjamin Al-Rashid,25.2048,55.2708,“Dubai, UAE”,2017,Hotel Manager,ben.alrashid@example.com,benalrashid,
Grace Williams,-41.2865,174.7762,“Wellington, New Zealand”,2014,Software Developer,grace.williams@example.com,,grace_codes
Henry Chen,13.7563,100.5018,“Bangkok, Thailand”,2016,International Trade Specialist,henry.chen@example.com,henrychen,henry_trade
Sipho Ndlovu,-26.2041,28.0473,“Johannesburg, South Africa”,2019,Software Developer,sipho.ndlovu@example.com,,sipho_dev
Fiona MacLeod,55.9533,-3.1883,“Edinburgh, UK”,2017,Doctor,fiona.macleod@example.com,fionamacleod,dr_fiona
Sean O’Brien,53.3498,-6.2603,“Dublin, Ireland”,2018,Marketing Manager,sean.obrien@example.com,,sean_marketing
Marco Rossi,41.9028,12.4964,“Rome, Italy”,2019,Chef,marco.rossi@example.com,marcorossi,chef_marco
Carmen Garcia,40.4168,-3.7038,“Madrid, Spain”,2020,Architect,carmen.garcia@example.com,,carmen_arch
Erik Andersson,59.3293,18.0686,“Stockholm, Sweden”,2018,Game Developer,erik.a@example.com,erikandersson,erik_games
Anna de Vries,52.3676,4.9041,“Amsterdam, Netherlands”,2019,Urban Planner,anna.devries@example.com,,anna_urban
Pierre Dubois,50.8503,4.3517,“Brussels, Belgium”,2017,EU Policy Advisor,pierre.dubois@example.com,pierredubois,
Sophie Mueller,47.3769,8.5417,“Zurich, Switzerland”,2020,Banker,sophie.mueller@example.com,,sophie_banker
Mika Virtanen,60.1699,24.9384,“Helsinki, Finland”,2018,Software Engineer,mika.virtanen@example.com,mikavirtanen,mika_codes
Laura Bennett,-33.8700,151.2080,“Sydney, Australia”,2021,Physiotherapist,laura.bennett@example.com,,laura_physio
Marcus Thompson,-27.4690,153.0245,“Brisbane, Australia”,2019,Chef,marcus.t@example.com,marcusthompson,marcus_chef
Natalie Foster,-37.8150,144.9650,“Melbourne, Australia”,2020,Interior Designer,natalie.foster@example.com,,natalie_design
William Chen,40.7125,-74.0065,“New York, USA”,2018,Data Analyst,william.chen@example.com,williamchen,will_data
Ashley Rodriguez,34.0530,-118.2445,“Los Angeles, USA”,2021,Social Media Manager,ashley.r@example.com,,ashley_social
Tyler Jackson,49.2830,-123.1215,“Vancouver, Canada”,2019,Environmental Engineer,tyler.jackson@example.com,tylerjackson,
Maya Patel,1.3525,103.8195,“Singapore”,2020,Financial Advisor,maya.patel@example.com,,maya_finance
Kenji Yamamoto,35.6770,139.6520,“Tokyo, Japan”,2017,Robotics Engineer,kenji.yamamoto@example.com,kenjiyamamoto,kenji_robots
Leah Anderson,51.5075,-0.1275,“London, UK”,2021,Journalist,leah.anderson@example.com,,leah_news
Carlos Mendez,19.4330,-99.1335,“Mexico City, Mexico”,2018,Software Engineer,carlos.mendez@example.com,carlosmendez,carlos_codes
Freya Nielsen,55.6761,12.5683,“Copenhagen, Denmark”,2019,Sustainability Consultant,freya.nielsen@example.com,,freya_sustain
Diego Santos,-23.5505,-46.6333,“São Paulo, Brazil”,2020,Business Analyst,diego.santos@example.com,diegosantos,
Isla Campbell,55.8642,-4.2518,“Glasgow, UK”,2018,Nurse,isla.campbell@example.com,,isla_nurse
Ahmed Hassan,30.0444,31.2357,“Cairo, Egypt”,2017,Civil Engineer,ahmed.hassan@example.com,ahmedhassan,
Chloe Dupont,48.8570,2.3525,“Paris, France”,2021,Artist,chloe.dupont@example.com,,chloe_art
Oscar Nielsen,59.9139,10.7522,“Oslo, Norway”,2019,Marine Engineer,oscar.nielsen@example.com,oscanielsen,oscar_marine
Ruby Mitchell,-26.6275,152.9605,“Nambour, Australia”,2022,Paramedic,ruby.mitchell@example.com,,ruby_ems
Leo Rosenberg,52.5205,13.4045,“Berlin, Germany”,2020,Photographer,leo.rosenberg@example.com,leorosenberg,leo_photos
Jasmine Wong,22.3200,114.1695,“Hong Kong”,2018,Investment Banker,jasmine.wong@example.com,,jasmine_finance
Felix Mueller,48.2082,16.3738,“Vienna, Austria”,2019,Musician,felix.mueller@example.com,felixmueller,felix_music
Aria Patel,19.0760,72.8777,“Mumbai, India”,2021,Software Developer,aria.patel@example.com,,aria_dev
Lucas Fernandez,-34.6037,-58.3816,“Buenos Aires, Argentina”,2017,Veterinarian,lucas.fernandez@example.com,lucasfernandez,
Zara Ahmed,25.2760,55.2962,“Dubai, UAE”,2020,Fashion Designer,zara.ahmed@example.com,,zara_fashion
Noah Williams,-41.2870,174.7765,“Wellington, New Zealand”,2019,Civil Engineer,noah.williams@example.com,noahwilliams,noah_engineer
Lily Chen,31.2304,121.4737,“Shanghai, China”,2018,Marketing Manager,lily.chen@example.com,,lily_marketing
Max Schmidt,50.1109,8.6821,“Frankfurt, Germany”,2021,Financial Analyst,max.schmidt@example.com,maxschmidt,
Ella Johansson,57.7089,11.9746,“Gothenburg, Sweden”,2020,UX Designer,ella.johansson@example.com,,ella_ux
Finn O’Connor,51.8985,-8.4756,“Cork, Ireland”,2019,Brewer,finn.oconnor@example.com,finnoconnor,
Mila Petrov,59.9311,30.3609,“Saint Petersburg, Russia”,2018,Ballet Dancer,mila.petrov@example.com,,mila_ballet
Hugo Bernard,45.7640,4.8357,“Lyon, France”,2021,Sommelier,hugo.bernard@example.com,hugobernard,
Stella Martinez,39.4699,-0.3763,“Valencia, Spain”,2020,Biochemist,stella.martinez@example.com,,stella_bio
Sebastian Weber,51.3397,12.3731,“Leipzig, Germany”,2019,Classical Musician,sebastian.weber@example.com,sebastianweber,
Ivy Thompson,-33.8705,151.2095,“Sydney, Australia”,2022,Marine Biologist,ivy.thompson@example.com,,ivy_marine
Xavier Dubois,50.6292,3.0573,“Lille, France”,2018,Aerospace Engineer,xavier.dubois@example.com,xavierdubois,
Penelope White,40.7133,-74.0058,“New York, USA”,2021,Psychologist,penelope.white@example.com,,penny_psych
Oscar Lindberg,59.3326,18.0649,“Stockholm, Sweden”,2020,Tech Entrepreneur,oscar.lindberg@example.com,oscarlindberg,
Aurora Bianchi,45.4642,9.1900,“Milan, Italy”,2019,Fashion Buyer,aurora.bianchi@example.com,,aurora_fashion
Jasper van Dijk,52.0907,5.1214,“Utrecht, Netherlands”,2018,Architect,jasper.vandijk@example.com,jaspervandijk,
Scarlett O’Brien,51.5078,-0.1282,“London, UK”,2022,Content Creator,scarlett.obrien@example.com,,scarlett_creates
Theo Laurent,43.2965,5.3698,“Marseille, France”,2021,Chef,theo.laurent@example.com,theolaurent,
Violet Chang,1.2897,103.8501,“Singapore”,2020,Data Scientist,violet.chang@example.com,,violet_data
Axel Hansen,55.4038,10.4024,“Odense, Denmark”,2019,Renewable Energy Engineer,axel.hansen@example.com,axelhansen,
Hazel Murphy,53.3441,-6.2675,“Dublin, Ireland”,2018,Teacher,hazel.murphy@example.com,,hazel_teaches
Julian Costa,-22.9068,-43.1729,“Rio de Janeiro, Brazil”,2021,Sports Coach,julian.costa@example.com,juliancosta,
Poppy Anderson,-37.8138,144.9633,“Melbourne, Australia”,2022,Pediatrician,poppy.anderson@example.com,,dr_poppy
Matteo Ferrari,44.4056,8.9463,“Genoa, Italy”,2020,Ship Captain,matteo.ferrari@example.com,matteoferrari,
Ruby Singh,28.7041,77.1025,“Delhi, India”,2019,Journalist,ruby.singh@example.com,,ruby_reports
Felix Kowalski,52.2297,21.0122,“Warsaw, Poland”,2018,Software Developer,felix.kowalski@example.com,felixkowalski,
Daisy Chen,-27.4705,153.0253,“Brisbane, Australia”,2021,Dentist,daisy.chen@example.com,,daisy_dental
Luca Romano,40.8518,14.2681,“Naples, Italy”,2020,Pizza Chef,luca.romano@example.com,lucaromano,chef_luca
Willow Green,49.2825,-123.1205,“Vancouver, Canada”,2019,Environmental Lawyer,willow.green@example.com,,willow_law
Roman Novak,50.0755,14.4378,“Prague, Czech Republic”,2018,Photographer,roman.novak@example.com,romannovak,
Maya Santos,14.5995,120.9842,“Manila, Philippines”,2021,Nurse,maya.santos@example.com,,maya_rn
Gabriel Silva,-23.5507,-46.6334,“São Paulo, Brazil”,2020,Marketing Director,gabriel.silva@example.com,gabrielsilva,
Sienna Walsh,-33.8692,151.2089,“Sydney, Australia”,2022,Occupational Therapist,sienna.walsh@example.com,,sienna_ot
Leo Andersen,55.6761,12.5683,“Copenhagen, Denmark”,2019,Architect,leo.andersen@example.com,leoandersen,
Ivy Martin,51.5080,-0.1278,“London, UK”,2021,Museum Curator,ivy.martin@example.com,,ivy_curator
Arthur Dupont,48.8568,2.3520,“Paris, France”,2020,Lawyer,arthur.dupont@example.com,arthurdupont,
Rose Kim,37.5665,126.9780,“Seoul, South Korea”,2018,K-Pop Manager,rose.kim@example.com,,rose_kpop
Jasper Nielsen,56.2639,9.5018,“Aarhus, Denmark”,2021,Brewer,jasper.nielsen@example.com,jaspernielsen,
Luna Rossi,43.7696,11.2558,“Florence, Italy”,2020,Art Restorer,luna.rossi@example.com,,luna_art
Oliver Berg,60.1699,24.9384,“Helsinki, Finland”,2019,Game Designer,oliver.berg@example.com,oliverberg,
Violet Murphy,51.5077,-0.1280,“London, UK”,2022,Literary Agent,violet.murphy@example.com,,violet_books
Ezra Cohen,32.0853,34.7818,“Tel Aviv, Israel”,2018,Cybersecurity Expert,ezra.cohen@example.com,ezracohen,
Hazel Larsen,59.9138,10.7387,“Oslo, Norway”,2021,Climate Scientist,hazel.larsen@example.com,,hazel_climate
Kai Nakamura,34.6937,135.5023,“Osaka, Japan”,2020,Sushi Chef,kai.nakamura@example.com,kainakamura,
Eliza Meyer,47.5596,7.5886,“Basel, Switzerland”,2019,Pharmaceutical Researcher,eliza.meyer@example.com,,eliza_pharma
Finn Murphy,51.8979,-8.4705,“Cork, Ireland”,2018,Distiller,finn.murphy@example.com,finnmurphy,
Sage Thompson,-27.4700,153.0258,“Brisbane, Australia”,2022,Speech Therapist,sage.thompson@example.com,,sage_slp
Adrian Kowalski,51.1079,17.0385,“Wrocław, Poland”,2021,Graphic Designer,adrian.kowalski@example.com,adriankowalski,
Iris Hoffman,52.3759,4.8975,“Amsterdam, Netherlands”,2020,Museum Director,iris.hoffman@example.com,,iris_museum
Dante Moretti,45.0703,7.6869,“Turin, Italy”,2019,Chocolatier,dante.moretti@example.com,dantemoretti,
Cleo Anderson,-33.8680,151.2100,“Sydney, Australia”,2021,Physiotherapist,cleo.anderson@example.com,,cleo_pt
Atlas Jensen,55.6867,12.5700,“Copenhagen, Denmark”,2020,Urban Planner,atlas.jensen@example.com,atlasjensen,
Nora Schmidt,48.1351,11.5820,“Munich, Germany”,2018,Beer Master,nora.schmidt@example.com,,nora_brews
River Chen,22.3964,114.1095,“Shenzhen, China”,2021,Tech Innovator,river.chen@example.com,riverchen,
Phoenix Martinez,-26.6282,152.9598,“Nambour, Australia”,2022,Firefighter,phoenix.martinez@example.com,,phoenix_fire
Ellis Taylor,53.4808,-2.2426,“Manchester, UK”,2020,Sports Journalist,ellis.taylor@example.com,ellistaylor,
Juniper Lee,37.5326,127.0246,“Seoul, South Korea”,2019,Fashion Designer,juniper.lee@example.com,,june_fashion
Bodhi Patel,18.5204,73.8567,“Pune, India”,2018,Yoga Instructor,bodhi.patel@example.com,bodhipatel,
Marlowe Davis,40.7130,-74.0063,“New York, USA”,2021,Broadway Actor,marlowe.davis@example.com,,marlowe_broadway
Rowan O’Neill,54.5973,-5.9301,“Belfast, UK”,2020,Whiskey Distiller,rowan.oneill@example.com,rowanoneill,
Indigo Santos,-22.9099,-43.2095,“Rio de Janeiro, Brazil”,2019,Carnival Designer,indigo.santos@example.com,,indigo_carnival
Sterling Walsh,41.3851,2.1734,“Barcelona, Spain”,2018,Architect,sterling.walsh@example.com,sterlingwalsh,
Clementine Roy,45.5017,-73.5673,“Montreal, Canada”,2021,Pastry Chef,clementine.roy@example.com,,clem_pastry
Beckett Moore,34.0525,-118.2438,“Los Angeles, USA”,2020,Film Editor,beckett.moore@example.com,beckettmoore,
Magnolia Kim,35.1796,129.0756,“Busan, South Korea”,2019,Marine Biologist,magnolia.kim@example.com,,maggie_marine
Arlo Fischer,53.5511,9.9937,“Hamburg, Germany”,2018,Ship Engineer,arlo.fischer@example.com,arlofischer,
Poet Anderson,-37.8142,144.9632,“Melbourne, Australia”,2022,Writer,poet.anderson@example.com,,poet_writes
Soren Andersen,56.1629,10.2039,“Aarhus, Denmark”,2021,Wind Energy Engineer,soren.andersen@example.com,sorenandersen,
Esme Laurent,43.6047,1.4442,“Toulouse, France”,2020,Aerospace Engineer,esme.laurent@example.com,,esme_aero
Atlas Wong,22.2783,114.1747,“Hong Kong”,2019,Venture Capitalist,atlas.wong@example.com,atlaswong,
Lyra Murphy,51.9244,-8.4856,“Cork, Ireland”,2018,Traditional Musician,lyra.murphy@example.com,,lyra_music
Knox Williams,-33.8690,151.2088,“Sydney, Australia”,2021,Paramedic,knox.williams@example.com,knoxwilliams,
Sage Petersen,59.3294,18.0686,“Stockholm, Sweden”,2020,Sustainable Fashion Designer,sage.petersen@example.com,,sage_sustainable
Wilder Chen,25.0330,121.5654,“Taipei, Taiwan”,2019,Tech Entrepreneur,wilder.chen@example.com,wilderchen,
Story Martinez,-26.6285,152.9602,“Nambour, Australia”,2022,Documentary Filmmaker,story.martinez@example.com,,story_films
Ember Johnson,40.7127,-74.0059,“New York, USA”,2021,Chef,ember.johnson@example.com,emberjohnson,
Zen Nakamura,35.0116,135.7681,“Kyoto, Japan”,2020,Temple Designer,zen.nakamura@example.com,,zen_design
Prairie Smith,49.2828,-123.1208,“Vancouver, Canada”,2019,Environmental Activist,prairie.smith@example.com,prairiesmith,
Quest Thompson,-27.4702,153.0255,“Brisbane, Australia”,2018,Adventure Guide,quest.thompson@example.com,,quest_adventure
Poet Rodriguez,40.4168,-3.7038,“Madrid, Spain”,2021,Flamenco Dancer,poet.rodriguez@example.com,poetrodriguez,
Journey Lee,1.3521,103.8198,“Singapore”,2020,Travel Blogger,journey.lee@example.com,,journey_travels
Harbor Anderson,-41.2868,174.7763,“Wellington, New Zealand”,2019,Marine Conservationist,harbor.anderson@example.com,harboranderson,
Noble Chen,-33.8691,151.2091,“Sydney, Australia”,2022,Ethics Professor,noble.chen@example.com,,prof_noble
Reverie Dubois,45.7640,4.8357,“Lyon, France”,2021,Sommelier,reverie.dubois@example.com,reveriedubois,
Legacy Williams,34.0524,-118.2436,“Los Angeles, USA”,2020,Music Producer,legacy.williams@example.com,,legacy_beats
Summit Walsh,-37.8139,144.9634,“Melbourne, Australia”,2019,Mountain Guide,summit.walsh@example.com,summitwalsh,
Brave Martinez,-26.6279,152.9601,“Nambour, Australia”,2018,Military Officer,brave.martinez@example.com,,brave_serves
Echo Park,37.5665,126.9780,“Seoul, South Korea”,2021,Sound Engineer,echo.park@example.com,echopark,
Blaze Thompson,-27.4699,153.0252,“Brisbane, Australia”,2020,Firefighter,blaze.thompson@example.com,,blaze_fire
Winter Andersson,59.3293,18.0686,“Stockholm, Sweden”,2019,Climate Researcher,winter.andersson@example.com,winterandersson,
True Johnson,40.7126,-74.0061,“New York, USA”,2022,Investigative Journalist,true.johnson@example.com,,true_investigates
Valor Smith,51.5076,-0.1279,“London, UK”,2021,Military Historian,valor.smith@example.com,valorsmith,
Justice Chen,-33.8689,151.2092,“Sydney, Australia”,2020,Human Rights Lawyer,justice.chen@example.com,,justice_law
Rhythm Kumar,19.0760,72.8777,“Mumbai, India”,2019,Music Therapist,rhythm.kumar@example.com,rhythmkumar,
Clarity Lee,1.2900,103.8520,“Singapore”,2018,Life Coach,clarity.lee@example.com,,clarity_coach
Liberty Garcia,40.4167,-3.7039,“Madrid, Spain”,2021,Political Activist,liberty.garcia@example.com,libertygarcia,
Everest Patel,28.6139,77.2090,“New Delhi, India”,2020,Mountaineer,everest.patel@example.com,,everest_climbs
Harmony Brown,-26.6281,152.9603,“Nambour, Australia”,2022,Music Teacher,harmony.brown@example.com,harmonybrown,
Chance Wilson,-27.4701,153.0254,“Brisbane, Australia”,2021,Statistician,chance.wilson@example.com,,chance_stats
Promise Anderson,-37.8141,144.9635,“Melbourne, Australia”,2020,Social Worker,promise.anderson@example.com,promiseanderson,